{"cameraMode":{"drawMode":0,"name":"Shaded","section":"Shading Mode"},"sceneLighting":false,"audioPlay":false,"sceneViewState":{"showFog":false,"showMaterialUpdate":false,"showSkybox":false,"showFlares":false,"showImageEffects":false,"showParticleSystems":false},"in2DMode":false,"pivot":{"x":2.450000047683716,"y":1.440000057220459,"z":-2.9600000381469728},"rotation":{"x":0.3296380043029785,"y":0.07071786373853684,"z":-0.02477271854877472,"w":0.9411506652832031},"size":2.8578836917877199,"orthographic":true}