{"cameraMode":{"drawMode":0,"name":"Shaded","section":"Shading Mode"},"sceneLighting":false,"audioPlay":false,"sceneViewState":{"showFog":false,"showMaterialUpdate":false,"showSkybox":false,"showFlares":false,"showImageEffects":false,"showParticleSystems":false},"in2DMode":false,"pivot":{"x":273.724365234375,"y":242.71371459960938,"z":-169.33285522460938},"rotation":{"x":0.15510551631450654,"y":0.7734424471855164,"z":-0.20732372999191285,"w":0.5786263346672058},"size":1160.845947265625,"orthographic":true}