{"cameraMode":{"drawMode":0,"name":"Shaded","section":"Shading Mode"},"sceneLighting":false,"audioPlay":false,"sceneViewState":{"showFog":false,"showMaterialUpdate":false,"showSkybox":false,"showFlares":false,"showImageEffects":false,"showParticleSystems":false},"in2DMode":false,"pivot":{"x":0.9267578125,"y":-0.476806640625,"z":-5.80908203125},"rotation":{"x":0.12204234302043915,"y":-0.2170025110244751,"z":0.027356218546628953,"w":0.9681386351585388},"size":2.8003759384155275,"orthographic":true}