{"cameraMode":{"drawMode":0,"name":"Shaded","section":"Shading Mode"},"sceneLighting":false,"audioPlay":false,"sceneViewState":{"showFog":false,"showMaterialUpdate":false,"showSkybox":false,"showFlares":false,"showImageEffects":false,"showParticleSystems":false},"in2DMode":false,"pivot":{"x":1.26953125,"y":0.203857421875,"z":-10.584136962890625},"rotation":{"x":0.15675771236419679,"y":-0.21732394397258759,"z":0.035378459841012958,"w":0.9627984166145325},"size":5.1264119148254398,"orthographic":true}